,72703,72711,72712,72713,KFVE0
1980-01-01,,,,,
1980-02-01,,,,,
1980-03-01,,,,,
1980-04-01,,,,,
1980-05-01,,,,,
1980-06-01,,,,,
1980-07-01,,,,,
1980-08-01,,,,,
1980-09-01,,,,,
1980-10-01,,,,,
1980-11-01,,,,,
1980-12-01,,,,,
1981-01-01,,,,,
1981-02-01,,,,,
1981-03-01,,,,,
1981-04-01,,,,,
1981-05-01,,,,,
1981-06-01,,,,,
1981-07-01,,,,,
1981-08-01,,,,,
1981-09-01,,,,,
1981-10-01,,,,,
1981-11-01,,,,,
1981-12-01,,,,,
1982-01-01,69.0550769038964,74.05901086167432,77.50788149423897,68.80498836399056,77.63848469476216
1982-02-01,78.01541117951274,68.42428562231362,71.89394279848784,73.54003312066197,62.84439107403159
1982-03-01,42.498360376339406,67.36049465253018,56.791676563443616,48.33039959776215,48.48584503051825
1982-04-01,94.83813412953168,81.3731913222,99.40942609682679,78.23626091703773,63.500589109025896
1982-05-01,14.965057649533264,41.631483886158094,25.692159100435674,13.648488766921218,31.549917510710657
1982-06-01,65.23619469953701,111.01029859855771,66.53367559192702,77.43484515231103,122.02791008166969
1982-07-01,103.74017766444013,110.75734093319625,119.95333215454593,87.91080862283707,73.39571010670625
1982-08-01,150.56840416509658,127.39824563032016,120.46397425001487,112.36378904432058,88.0622005672194
1982-09-01,88.80429540295154,116.97407509200275,109.54190546181053,102.081258315593,94.3453882355243
1982-10-01,41.12567966803908,50.45336054172367,46.19216499268077,51.47927311481908,47.35347479581833
1982-11-01,122.20361258368939,96.75756585784256,144.98305111192167,113.82547079119831,107.80654032714665
1982-12-01,59.605742659186944,109.39762943889946,68.02160301594995,48.77071951632388,53.88481384143233
1983-01-01,65.45909192645922,79.09291237592697,77.80686036567204,80.11197494342923,67.91397120687179
1983-02-01,50.332975457422435,88.4502268396318,55.80160338431597,40.476209367625415,62.16698703356087
1983-03-01,68.36533590685576,94.14879593532532,111.21999401366338,79.43170020589605,85.88711429620162
1983-04-01,89.87748285289854,186.96196493692696,117.28318815585226,96.95792687125504,119.84179867431521
1983-05-01,69.09151932341047,164.314952515997,112.4717813800089,67.83619489870034,124.61789364460856
1983-06-01,94.19658849947155,128.2931522000581,70.58744999812916,98.47795672249049,67.37845356110483
1983-07-01,109.82232978567481,133.72629638761282,137.9614901728928,110.25045026326552,113.45201425720006
1983-08-01,75.67442829022184,38.43564203416463,68.80475938087329,75.4314138670452,62.58422837709077
1983-09-01,69.6184930857271,94.6458165999502,72.33661541249603,77.82959350151941,100.20552354399115
1983-10-01,66.99654791154899,62.45085301925428,48.205618414795026,61.46600637584925,61.54597994755022
1983-11-01,214.00213963352144,156.41084255184978,187.73902393877506,170.10700958780944,171.7388655524701
1983-12-01,123.62435051472858,153.81218874827027,123.34786558058113,105.9011644218117,113.42791743809357
1984-01-01,39.16404707415495,50.46383042936213,38.95818881574087,38.41076326207258,28.708039710181765
1984-02-01,74.80967944138683,40.34315618919209,67.24205443169922,53.10487722745165,67.34122911002487
1984-03-01,89.2497070133686,97.9332729941234,67.58459117263556,61.642221064539626,72.63025364954956
1984-04-01,47.25985700497404,42.41896216990426,54.79389033280313,47.18000680441037,42.64296329347417
1984-05-01,165.23452922701836,120.03235568990931,122.9598609963432,147.2215479472652,147.86061546765268
1984-06-01,140.53345809224993,156.98375925421715,167.19871968962252,85.04895027726889,132.35354621428996
1984-07-01,133.99130293400958,215.47104762867093,144.33284309925511,154.7022412531078,124.62071939371526
1984-08-01,35.4347963584587,61.169960437109694,39.196216766140424,43.29319488024339,55.504348094109446
1984-09-01,77.81963108573109,93.73490384314209,66.27213506726548,69.82667598640546,71.87748147407547
1984-10-01,44.427411595825106,64.32317001745105,54.47517129359767,59.49424249702133,54.28288881084882
1984-11-01,41.96618852438405,63.42540658079088,35.13970359927043,35.967298405012116,21.007465169532225
1984-12-01,103.21080767316744,108.81741545163095,102.2214739350602,88.54034654796124,116.25759336166084
1985-01-01,22.294802361284383,18.2907341470127,9.582730308466125,11.1083900090307,15.763982181670144
1985-02-01,59.982337220571935,65.57291178032756,65.7770509365946,57.65271736308932,74.59566006436944
1985-03-01,53.8338334299624,58.17594284308143,49.969889485510066,46.99194942950271,48.46064714365639
1985-04-01,30.691489664604887,49.025109387002885,35.532287845853716,30.629784450866282,52.24444071063772
1985-05-01,94.824978208635,62.84913748386316,77.90013931808062,64.45567816263065,72.27039450081065
1985-06-01,82.72075303830206,109.75688241887838,75.40957984747365,68.42874112771824,78.3299679751508
1985-07-01,100.51439992384985,128.39828798314556,148.74912842642516,134.69602527329698,170.87581576779485
1985-08-01,62.28500103461556,42.5878684152849,50.4164942598436,47.08586173946969,71.84520208393224
1985-09-01,58.73073247494176,76.81007485371083,68.20763018913567,71.04556082049385,81.36129111517221
1985-10-01,65.92434664489701,98.9851824590005,61.58486810163595,67.3513401998207,69.00348262279294
1985-11-01,96.50340874213725,99.2728000273928,107.22616477869451,91.11679228954017,69.85739304218441
1985-12-01,42.06974295666441,62.896176462527364,39.279269429971464,25.902407013927586,34.32149505824782
1986-01-01,111.15666800178587,142.07584907999262,128.94135798560455,116.33056589635089,126.1403000797145
1986-02-01,22.57462452398613,38.19870022125542,25.99266164470464,22.850223386194557,27.18786362092942
1986-03-01,54.25279458286241,71.52245768811554,55.735192308202386,44.999094743980095,56.196028139675036
1986-04-01,70.0119967223145,58.266586682293564,61.278970388229936,65.54020632756874,71.19230960961431
1986-05-01,68.85162296821363,103.72608789475635,61.940303491428494,60.66040479345247,59.533900424139574
1986-06-01,42.59050148539245,105.26709083933383,60.911978187505156,57.35477339476347,99.81149656232446
1986-07-01,90.21741889882833,118.9420355251059,46.777129161637276,31.727523150038905,71.03458236088045
1986-08-01,161.67296479688957,169.76459480356425,194.873051578179,166.58531525172293,191.38149751815945
1986-09-01,87.50241086818278,146.58674073871225,56.442002998664975,84.17238027323037,96.41350654419512
1986-10-01,35.00972817710135,68.62220137263648,83.87936109211296,44.30884218891151,74.17969958041795
1986-11-01,102.61371242813766,98.3900441788137,100.30997567810118,83.47943366970867,84.97317368164659
1986-12-01,61.602280562510714,66.87494813231751,52.31573869823478,46.20992336422205,60.60398725094274
1987-01-01,58.50336434086785,54.169050097698346,62.43481445708312,46.431340294657275,50.897943443851545
1987-02-01,19.782076554838568,11.493410740513355,12.042450020089746,11.660066444892436,11.483017861610278
1987-03-01,37.47604199743364,33.65236254176125,34.70867871365044,30.568997684167698,27.90518105321098
1987-04-01,59.29887777892873,96.63513139821589,55.1832826458849,49.869896785821766,61.66061625117436
1987-05-01,58.6136611236725,46.15376403671689,51.75388720817864,56.31806152523495,23.356714003602974
1987-06-01,93.28264882788062,104.08308624755591,84.95615317951888,74.81750211445615,110.5312256840989
1987-07-01,45.18922381103039,93.33445401862264,111.40646422281861,93.09573668288067,131.10979887424037
1987-08-01,38.58131183660589,48.427308176178485,69.49238106608391,45.06126122432761,78.64126510103233
1987-09-01,113.83430636487901,93.97675527725369,71.73188781598583,85.2111306739971,63.47860861569643
1987-10-01,73.9002573536709,82.90843369904906,76.41703515546396,67.13517526513897,86.27726255217567
1987-11-01,48.94436337053776,38.97622614749707,36.62805928615853,34.352771763224155,49.051880137994885
1987-12-01,96.05635197367519,91.82170385029167,56.474286474986,58.28275128733367,74.12030525738373
1988-01-01,64.03566466178745,64.98554996796884,57.67979001975618,53.921407292364165,74.98192487983033
1988-02-01,59.95753302122466,70.50997858168557,76.98031507898122,58.89102238579653,84.49202215997502
1988-03-01,40.13858216931112,31.321916097658686,38.996090393629856,32.70724934118334,28.03841999557335
1988-04-01,70.4175655846484,39.9920271593146,63.84865602012724,63.46334202680737,72.91816495126113
1988-05-01,48.28067128546536,61.28488073009066,52.14007941540331,49.23618860193528,51.117577229160815
1988-06-01,60.13531523058191,71.2214094819501,55.098118842579424,42.6448680809699,100.22591042798012
1988-07-01,77.33083369676024,113.9704417786561,81.71339516993612,97.59874327573925,81.05753393028863
1988-08-01,157.47958235442638,155.2518884302117,135.54997639730573,136.05971230426803,139.7649222286418
1988-09-01,50.636130559723824,77.44868315057829,56.57829431584105,52.94197954935953,68.2504266151227
1988-10-01,99.34794043656439,94.8889083461836,99.339813971892,96.2148082908243,99.53275417210534
1988-11-01,102.92211826890707,107.67652443610132,84.79271864052862,70.43890957720578,83.62110459711403
1988-12-01,42.41239913972095,51.1516762257088,47.45114827528596,38.07714704016689,33.3031827758532
1989-01-01,52.21011901739985,60.78390951734036,56.695235695224255,43.24731056112796,58.99318846059032
1989-02-01,55.64989177510142,55.23492470383644,54.00969812180847,45.8334386581555,52.00663930736482
1989-03-01,33.75416502531152,58.7574673932977,43.62208771635778,34.02285478950944,43.84156559826806
1989-04-01,74.89585300209,38.62732942798175,57.66972812125459,53.84540045633912,55.11166452197358
1989-05-01,125.21372720366344,117.78846730012447,104.14006013888866,106.40205281088129,116.25305267516524
1989-06-01,54.06152782961726,90.36854084115475,74.64757055277005,67.90822494076565,79.47962509933859
1989-07-01,81.0892018082086,67.2970176092349,77.5202417105902,71.6730652435217,79.62206312804483
1989-08-01,176.74162269104272,95.17673525260761,119.96268635848537,91.51344385463744,68.50237012258731
1989-09-01,97.26041089743376,98.5714610433206,92.90781116578728,92.91378012858331,84.20853351708502
1989-10-01,47.19172014738433,79.96569857932627,52.99783068476245,51.83879609685391,58.55736538069323
1989-11-01,145.43394825886935,118.21457266341895,109.49070251081139,101.4911230886355,88.3709373883903
1989-12-01,53.356642357539386,38.621181694907136,54.12396965548396,45.94049305887893,36.20719538885169
1990-01-01,103.24224169598892,119.30583610665053,93.75565628288314,83.83181055542082,108.76352159539238
1990-02-01,58.25386515352875,55.331330839544535,67.50460769981146,48.44628784339875,60.75597577728331
1990-03-01,31.129704258637503,60.85440221359022,32.323427352821454,19.88793158379849,37.54318764258642
1990-04-01,90.52647789940238,69.71494416939095,68.0312534677796,73.15055374056101,54.796719225123525
1990-05-01,135.73551118606701,82.18699072021991,87.26145147811621,100.80520848277956,77.81026100856252
1990-06-01,87.53102039918303,95.85620532743633,89.41557188518345,88.13243347685784,85.21700534038246
1990-07-01,106.66951483581215,61.83439149172045,117.28656553896144,97.99025568645447,71.69393681106158
1990-08-01,192.0876619638875,122.858026844915,108.67633261950687,110.86103618144989,120.15147563070059
1990-09-01,57.18856182647869,81.2531519914046,69.49752022046596,65.55681192548946,82.30558480136096
1990-10-01,179.9854267621413,177.53181906882674,213.3626295486465,192.32180938124657,204.3205442139879
1990-11-01,93.38426264002919,109.35034230351448,113.50149661302567,97.78794273734093,91.00324055179954
1990-12-01,115.89462101692334,111.39032822102308,120.6830964772962,101.01995567092672,112.46984233148396
1991-01-01,63.06167279253714,68.67402950883843,60.86087220464833,50.55776709923521,51.85462516383268
1991-02-01,42.00340700335801,63.37279861327261,45.999060245230794,38.479786505922675,50.32905461266637
1991-03-01,111.04416421148926,102.87006130674854,117.08985442528501,100.61316472711042,107.68637526780367
1991-04-01,48.916291329078376,68.69757076492533,57.177180249709636,56.24335346510634,62.79819871997461
1991-05-01,73.54260521242395,97.83596978522837,88.09167605359107,77.51201293431222,85.87258604820818
1991-06-01,60.21620740648359,50.49940076423809,53.23254450922832,59.259320434648544,48.74989588279277
1991-07-01,41.13599365227856,72.79510200605728,42.29442898649722,33.85586032527499,68.93183526699431
1991-08-01,131.89218059414998,127.71287817740813,178.1775904353708,142.1549797989428,154.00930910836905
1991-09-01,154.05280992854387,108.76381862908602,105.54997064173222,121.4753802632913,113.22964006103575
1991-10-01,110.11102390475571,141.92386275390163,102.72967029595748,103.33212000550702,128.6051133298315
1991-11-01,67.29823560453951,45.67505494924262,54.53648942057043,48.66609937744215,47.28721239371225
1991-12-01,68.55483161634766,56.11032024607994,56.98372519109398,52.63370855245739,53.46013785456307
1992-01-01,78.81175521179102,107.76917946059257,95.07833097595721,80.80208621104248,93.51735793752596
1992-02-01,74.00942273670807,52.700471511343494,64.32495159097016,51.31947778863832,58.57855378417298
1992-03-01,54.44048278732225,66.56955773360096,59.88146756426431,44.69456181395799,47.641111694974825
1992-04-01,42.130952642764896,69.62876196485013,58.21347894379869,43.412280560005456,61.8193878326565
1992-05-01,36.763721803436056,47.44163816794753,47.328695899341255,45.08891458972357,40.43084988661576
1992-06-01,109.24884164705873,115.32132304273546,95.98621178884059,83.33044534083456,138.79302924033254
1992-07-01,85.11934851994738,141.39217369956896,118.00176263786852,96.07878257520497,139.0461296075955
1992-08-01,72.96426206594333,95.17978511285037,108.37395797716454,99.29436813108623,76.53412348008715
1992-09-01,59.284756891429424,67.67778337234631,46.56304424861446,51.284121349453926,70.72322739986703
1992-10-01,114.7211751085706,81.31044334731996,103.73662111815065,112.75512606371194,112.65005691675469
1992-11-01,67.57526431465521,79.33011814020574,60.61940942890942,54.71606279024854,53.78659249981865
1992-12-01,33.062380232149735,33.07958563382272,31.3171415560646,21.720432315487415,32.48311384522822
1993-01-01,64.61407601600513,75.46218042843975,55.4624198237434,53.21702599176206,41.16292596445419
1993-02-01,54.586049099452794,58.20059711113572,64.46803444996476,58.175936713814735,52.657068287953734
1993-03-01,54.10320039954968,66.3168772996869,48.95052972715348,42.703188210725784,51.60006414516829
1993-04-01,65.23421918973327,120.8747592754662,81.63979556411505,86.54068177565932,88.8742539100349
1993-05-01,78.69128086022101,72.1321179298684,80.92367624631152,77.23691651481204,76.73062022658996
1993-06-01,111.56837304588407,97.33111434616148,128.9400067180395,145.19680221565068,84.04360909480602
1993-07-01,57.82436119043268,87.76875139446929,73.38856291025877,64.45515686064027,91.71410127310082
1993-08-01,101.94797065341845,102.71374866133556,87.35724437283352,110.69726940477267,85.44324757531285
1993-09-01,113.16754587460309,106.08442383818328,111.29901534877717,104.13743869867176,132.16273742727935
1993-10-01,111.06145000085235,120.01209799200296,122.61079328600317,109.8166003357619,93.074757931754
1993-11-01,84.05315189156681,85.48008289653808,76.57786522759125,58.653498999774456,83.3711059531197
1993-12-01,113.00383096095175,82.90634849108756,111.04357957374305,89.01320155709982,82.82351506641135
1994-01-01,114.95612153084949,99.90942652802914,105.73765098815784,94.79539553867653,92.19967215321958
1994-02-01,37.21412813756615,56.918687699362636,40.97522157244384,33.2134957308881,37.980580679140985
1994-03-01,88.24033968849108,69.15802186704241,73.1602180225309,57.77686911751516,50.38944989209995
1994-04-01,90.47633106820285,128.95606539677829,96.58343810588121,96.46707633510232,94.36827397439629
1994-05-01,109.53727016458288,77.74215071112849,94.77395882131532,109.84626095741987,90.34689667169005
1994-06-01,110.45897577423602,127.02395080123097,153.93126185517758,99.67585117556155,183.89514391310513
1994-07-01,86.70070592779666,114.7681604954414,91.22394098667428,88.52591573959216,107.5728288735263
1994-08-01,56.733319972408935,86.82294393656775,59.832825703779235,58.59963468974456,95.40361367398873
1994-09-01,75.5894361063838,106.04251851327717,96.44704777747393,81.30589197389781,75.58813010109589
1994-10-01,38.01737513858825,34.86807775916532,37.222189852036536,44.117811805335805,40.014902054099366
1994-11-01,108.97372243925929,106.0360309202224,82.40629336796701,79.41093016415834,83.88721849769354
1994-12-01,55.269338336074725,62.41401596926153,60.01354697509669,51.324865414062515,62.782108766259626
1995-01-01,97.2243022872135,128.50853117415681,116.729123191908,106.374682020396,109.62561867199838
1995-02-01,51.85455365572125,60.758259636349976,59.78952054865658,48.098793625831604,62.527788360603154
1995-03-01,59.556506416993216,78.4850450232625,61.33190996479243,46.87479289714247,48.28777950606309
1995-04-01,66.63837761152536,57.30590899474919,53.57905081473291,50.27833697386086,47.15935589047149
1995-05-01,95.63347374787554,127.50073262723163,75.82920626155101,74.48977682506666,79.14322045398876
1995-06-01,68.72344098519534,68.35099845193326,43.06109243771061,53.40969446115196,87.41329133044928
1995-07-01,48.470196226844564,109.39425802789629,76.89827971626073,58.05561465094797,96.0514702484943
1995-08-01,117.82855396158993,60.12675233068876,87.04066303325817,78.60820383648388,67.38480583881028
1995-09-01,76.7228223849088,71.20161666534841,55.256876279599965,73.74514918774366,57.87000898271799
1995-10-01,141.80222887080163,160.43751805555075,136.97439754614606,161.0509199788794,126.62664073286578
1995-11-01,126.07111386023462,129.4076886260882,93.8255226938054,78.97074980428442,104.38792768400162
1995-12-01,55.55442718905397,50.017264630878344,37.83902165014297,36.11880303360522,44.97770187444985
1996-01-01,106.98511203518137,99.77515472564846,121.71051936456934,98.99556952295825,102.54466168116778
1996-02-01,74.58783079055138,95.92590546235442,77.50167490448803,71.28255206043832,96.02465172065422
1996-03-01,64.1974582860712,39.98959211166948,46.14364493172616,40.988119278335944,38.1113580922829
1996-04-01,101.05264477897435,136.28541422076523,99.13119510747492,114.78845402598381,106.14007757976651
1996-05-01,94.25882475916296,101.32483451161534,91.68097180081531,85.94670837046579,94.7742706281133
1996-06-01,89.497902081348,97.83485520165414,98.44117169268429,68.35179997142404,126.66369136422873
1996-07-01,189.24084641039371,201.3969462364912,121.63315230282024,143.91173827461898,151.9293628865853
1996-08-01,57.30047217803076,98.41172103770077,55.30075287097134,50.08723602513783,60.33772373339161
1996-09-01,87.07920857705176,133.37231520563364,92.28507766965777,84.69372626859695,113.40567260049284
1996-10-01,94.00984703097492,102.21164227696136,87.87102402420714,84.22324501443654,76.2800740194507
1996-11-01,63.122055027633905,63.11826902674511,43.097754882182926,54.17949263937771,41.870322078466415
1996-12-01,123.06940262205899,139.0930370427668,110.34565852023661,96.49978996021673,99.65667788637802
1997-01-01,84.43796297069639,129.08814103575423,99.12024352233857,83.64538906607777,130.1560890628025
1997-02-01,66.86986209824681,108.47248923964798,84.75433560088277,72.72808821871877,72.80851614195853
1997-03-01,77.16335934237577,78.54798127664253,66.1894116550684,60.484146256931126,53.70778065989725
1997-04-01,38.26469607884064,36.316716112196445,39.163864217698574,33.4672766039148,35.423604160314426
1997-05-01,105.48738705692813,123.34353926125914,130.9218963026069,138.12338610878214,117.47347422642633
1997-06-01,104.04186928644776,105.34270713105798,73.12186405761167,59.91611850913614,107.52449976280332
1997-07-01,83.13034269958735,63.38645854848437,69.19000642374158,58.253324520774186,86.96106460411102
1997-08-01,122.10316207492724,127.68919060472399,88.3762874524109,105.509262252599,102.82627193955705
1997-09-01,93.06942578405142,62.179152213502675,76.67124696308747,79.23973503056914,55.230544006917626
1997-10-01,33.45152485999279,46.4372061600443,44.88289799191989,45.66404222860001,44.925352436257526
1997-11-01,83.61868117935956,68.20435810368508,62.89345695404336,68.06804792722687,65.50398707622662
1997-12-01,71.48201537202112,59.359766071429476,84.20331861125305,75.95180479693227,69.15877702413127
1998-01-01,115.52043337142095,87.93868609936908,110.5684639653191,107.47768882429227,105.73350980412215
1998-02-01,62.65314978081733,76.72851160168648,56.08524635899812,40.11928488034755,57.649430190213025
1998-03-01,101.87074000714347,93.83576139807701,85.64712050138041,74.80726922512986,95.62813405646011
1998-04-01,66.18509005056694,62.78273882344365,69.5142814074643,52.313809865154326,70.35036996239796
1998-05-01,77.04667539219372,44.270943047013134,91.40171958133578,77.25804142537527,78.77176598994993
1998-06-01,95.69073398597538,97.22927422262728,63.80902323871851,70.63410786213353,92.13917283341289
1998-07-01,117.42926586885005,157.40909453015774,157.94783821329474,107.81684692483395,188.92428455874324
1998-08-01,68.82352138054557,79.90738583612256,58.14414342166856,67.06499437568709,97.66488529276103
1998-09-01,96.130108111538,109.40273338928819,88.48870417568833,77.79934792779386,90.18680336885154
1998-10-01,89.28693869384006,61.36437197565101,82.48759196139872,98.80708231357858,60.4463396826759
1998-11-01,58.521073835436255,66.18198769865558,71.94071193225682,59.048817842267454,70.85056055802852
1998-12-01,63.97342510172166,98.88785001821816,52.516196365468204,50.721826194785535,50.65627368749119
1999-01-01,102.88360541453585,103.51186688058078,105.34015578450635,94.05433796346188,109.92259515915066
1999-02-01,55.47335254959762,44.51834508217871,50.99312514066696,50.1254215138033,54.50924278702587
1999-03-01,81.79846970597282,77.9357437568251,71.49728903314099,71.4941758371424,74.87865349394269
1999-04-01,30.279084312496707,30.01651359954849,35.329121514223516,32.660865486832336,28.916965587995946
1999-05-01,46.92336167790927,77.30028637452051,49.39320281264372,47.89947773097083,61.64240132784471
1999-06-01,85.92018310446292,125.21876860409975,88.6933651054278,71.30811974639073,83.37766898330301
1999-07-01,75.54994917009026,134.715717821382,84.29393746191636,90.36977549549192,112.22071844385937
1999-08-01,71.09645165037364,109.72309727221727,93.43555737286806,81.73015965730883,105.61485757352784
1999-09-01,175.94657884910703,150.21027834154665,189.44956082850695,194.30935266427696,172.99042409285903
1999-10-01,92.33073819195852,106.26208079047501,81.68834344251081,100.33238270552829,92.74382373550907
1999-11-01,90.06826335098594,69.88157535670325,89.68997444026172,67.20359501196072,107.54703660495579
1999-12-01,87.30828096158803,74.86399370245636,74.1461657336913,84.85739183379337,44.86280594137497
2000-01-01,94.13341996259987,87.96547225210816,86.57570063369349,73.51677883998491,90.9968092222698
2000-02-01,55.94930362422019,85.95446582185104,65.08644539862871,58.61165606766008,79.12834928138182
2000-03-01,72.01741200406104,66.61379045108333,65.09449721197598,52.474287583027035,58.58542312053032
2000-04-01,99.83314701821655,121.06522859539837,120.9383150562644,116.43471848219633,95.85140564013273
2000-05-01,107.94626623392105,110.07066441234201,113.01147022750229,112.08527736598626,98.94220184069127
2000-06-01,49.9117361032404,9.372878754220437,52.96949052717537,83.74730148352683,37.04933085828088
2000-07-01,99.87559549044818,138.19661198649555,130.18142336513847,85.96623527118936,182.17444689944386
2000-08-01,77.09210174507461,93.5011634719558,87.55445242859423,87.45174132054672,84.04850653605536
2000-09-01,60.92182273278013,68.44613410066813,43.38066768832505,53.975501214154065,44.53210229985416
2000-10-01,63.49512321758084,82.96066133771092,68.14423565519974,70.77722969697788,66.64568731212057
2000-11-01,63.832823652774096,54.030650469940156,56.346641038544476,49.45145646343008,55.869991541840136
2000-12-01,68.20300149265677,106.35570078156888,83.88508079806343,70.17194936634041,80.35882848780602
2001-01-01,37.80683490622323,47.09777860553004,39.56131085869856,32.063397535239346,36.46404380269814
2001-02-01,65.33522761892527,61.962847877293825,74.09460162743926,59.512346307747066,68.0399768287316
2001-03-01,52.41039642132819,61.87148188473657,53.18614250281826,44.28527154377662,48.07184355449863
2001-04-01,39.14060365059413,41.20745602995157,46.40571540221572,44.74728199420497,41.25201579881832
2001-05-01,58.839214366162196,69.54351738095284,57.5864574755542,63.38734524906613,51.10216228058562
2001-06-01,71.23521447647363,94.40982097294182,77.2014096728526,70.73560851858929,114.99746202025563
2001-07-01,100.22407856304199,137.35769579652697,128.7621177965775,117.4868234549649,105.99668448558077
2001-08-01,60.13200432644226,29.274634073954076,46.99334768811241,61.19593296898529,44.21730740577914
2001-09-01,84.86327121499926,117.0874476665631,97.45798073709011,98.08730555232614,107.6764395693317
2001-10-01,46.77765533560887,82.85489062545821,74.70482120406814,71.1267163977027,79.30362069164403
2001-11-01,44.51349761802703,50.148613401688635,46.700613282155246,42.21826640423387,43.373373860958964
2001-12-01,48.59626848483458,61.33899382548407,46.17490356322378,38.815337454434484,50.49898664583452
2002-01-01,56.525184062775224,55.5191978928633,50.54687334923074,50.196792266797274,42.72016706527211
2002-02-01,72.31428287923336,73.60808243975043,71.53152208775282,55.19181741401553,53.605917119421065
2002-03-01,86.98810409987345,83.76032884698361,82.62548851780593,67.72443652153015,77.99944003927521
2002-04-01,110.8079762198031,82.63036992866546,78.94178194692358,81.25977159943432,76.51823689229786
2002-05-01,84.05798741150647,95.3298811102286,85.20449126372114,98.44333045184612,74.68165493337438
2002-06-01,74.49419272597879,120.73824636172503,87.48432481661439,68.58216610271484,78.38796969735995
2002-07-01,142.42270491085947,131.20376964798197,149.45573135046288,133.99924426339567,138.370151957497
2002-08-01,62.97075187903829,34.103110936121084,55.77509383438155,51.437978202011436,61.45143915200606
2002-09-01,114.77955244481564,91.93156042601913,98.25496457051486,100.879488280043,86.45833272021264
2002-10-01,59.52832200564444,63.40547876316123,82.40996181266382,83.9766155811958,73.13689584843814
2002-11-01,116.5530038997531,81.95302938111126,100.87923367973417,89.44565244019032,87.84696052316576
2002-12-01,83.41789677506313,50.56622485863045,73.67815834586509,69.61969567928463,49.556803941959515
2003-01-01,34.40561224997509,37.01342789281625,45.022056391462684,36.30330983432941,43.29565523075871
2003-02-01,68.37821679655463,63.01930211484432,76.6718243714422,57.14327157475054,73.64978156983852
2003-03-01,73.01757128443569,73.57149118906818,68.92370393034071,60.59284015791491,51.179095736006275
2003-04-01,65.73115184437484,71.87587843509391,60.323530866298825,54.797322722151875,56.90200917888433
2003-05-01,80.40142909158021,87.68539179582149,63.38736960897222,71.98382943752222,70.72220066911541
2003-06-01,79.07364604761824,95.24462709669024,99.74018961656839,87.09729462862015,69.14480921113864
2003-07-01,113.00976503407583,150.03071282990277,165.06944701541215,125.98803117871284,178.33349383436143
2003-08-01,108.99279703153297,122.2842828487046,94.39364222344011,100.04867749521509,129.9354954971932
2003-09-01,58.88489767676219,67.0208721421659,50.399413565173745,52.35719564370811,74.67672700295225
2003-10-01,192.1243772143498,144.27256694762036,156.96292823413387,167.95223727822304,131.23314769472927
2003-11-01,112.37621039617807,109.65887072961777,114.7606271551922,92.74128370452672,108.5705675650388
2003-12-01,101.45862885983661,154.81243572430685,106.98880499694496,92.48279272578657,94.0701816463843
2004-01-01,33.98107755056117,34.62904374464415,32.45645679999143,27.537356215179898,24.89189233747311
2004-02-01,25.624701884225942,38.09255640953779,20.958993592648767,22.816132876323536,21.196898879134096
2004-03-01,43.29658577917144,56.06402180856094,50.98565859370865,37.582830953761004,47.67191723221913
2004-04-01,78.31988768884912,44.498202740214765,77.14260643115267,69.83291369397193,74.44380543893203
2004-05-01,67.37682553357445,89.18434451334178,58.83006965741515,62.035579956136644,74.01119236601517
2004-06-01,54.63176179910079,126.85215217061341,87.02799619641155,95.63050686847419,113.34625643212348
2004-07-01,70.11652570799924,81.58894040971063,98.61457084771246,92.23307445645332,101.68323693796992
2004-08-01,105.15113265719265,194.8283657664433,152.30721426196396,131.79129160707816,137.26658974774182
2004-09-01,97.47637796681374,87.5197519781068,61.81908136932179,63.881650334224105,126.44587608519942
2004-10-01,61.50066077825613,58.85079019353725,54.342424421338364,55.475924955680966,57.350629224674776
2004-11-01,83.1112910527736,91.6361486306414,87.23202534019947,68.70943325338885,88.80267350468785
2004-12-01,93.70038852794096,101.79601355921477,105.45473503880203,90.59323378605768,101.39477667398751
2005-01-01,66.42280878731981,59.11078834324144,62.44979092734866,59.340317122405395,56.157851294847205
2005-02-01,65.92085484880954,54.123253002762794,51.37300263158977,46.59880427643657,46.98633423540741
2005-03-01,97.55606472026557,93.57600684743375,104.75667756982148,85.82046559313312,87.43929828051478
2005-04-01,110.95173109788448,155.80958034843206,114.26060157828033,121.49092031177133,118.79976675845683
2005-05-01,106.36872845934704,94.90108829922974,93.54645340936258,89.8699881741777,95.77670999569818
2005-06-01,77.68051559105515,95.75535531621426,66.33994361618534,71.01851660991088,70.70086029125378
2005-07-01,112.89149281801656,121.00499802036211,96.64607606828213,99.06609632307664,99.39665050478652
2005-08-01,137.86675937008113,68.52862035739236,88.34703607717529,95.63005361706018,126.44602664513513
2005-09-01,105.44514132197946,198.4222603496164,134.97894688043743,141.40321989543736,148.67103088181466
2005-10-01,196.43323535565287,153.921818069648,169.42944147158414,186.58848137129098,117.52935585100204
2005-11-01,139.88059689290822,101.79952892940491,135.68435003980994,112.46305739041418,136.6812988417223
2005-12-01,159.33120804838836,153.4660929464735,172.10737466812134,144.84920490067452,150.1171125448309
2006-01-01,79.79905246174894,100.28381879674271,93.32521674223244,75.39144413312897,96.05206463020295
2006-02-01,57.21448925323784,68.40839101932943,58.937381487339735,56.47555743344128,62.26943505462259
2006-03-01,29.020228958688676,43.83981168502942,31.879947954439558,26.28403173875995,35.24158576328773
2006-04-01,48.283802869264036,42.743865167722106,42.076406884007156,50.56562984827906,42.852989688981324
2006-05-01,130.65169622423127,112.11632163031027,114.84505984699354,126.26550025306642,98.20442798081785
2006-06-01,144.98166495468467,128.07837326545268,114.42284798249602,121.2230147793889,118.368407827802
2006-07-01,126.69113602023572,139.42747906548902,120.52360730012879,110.20915535045788,126.14657519152388
2006-08-01,71.69648972922005,98.0063624563627,76.32546626846306,67.84482317743823,71.381097153062
2006-09-01,63.108386762905866,68.67062085075304,64.69107186421752,78.25308811152354,89.9290629895404
2006-10-01,110.271692101378,196.1243322584778,138.7393019744195,138.0270572961308,158.29621410230175
2006-11-01,130.24293794296682,83.6940900189802,129.82082006055862,104.85968319699168,104.08285050652921
2006-12-01,64.33267038082704,70.94451404409483,62.85958301159553,57.85029474645853,54.39701497089118
2007-01-01,65.20073076244444,69.66892704949714,63.25167031609453,53.49911370431073,61.4121466234792
2007-02-01,39.52612839639187,60.86248545907438,50.0763691496104,36.79692121222615,47.729459730908275
2007-03-01,97.20730881672353,100.70232198340818,100.82683033542708,81.16057146107778,82.41093620890751
2007-04-01,107.53942688461393,130.69442915730178,94.77481408976018,89.13392736576498,86.56690560746938
2007-05-01,56.88069253228605,42.715222004335374,69.90664075710811,60.244654276175424,59.552501648431644
2007-06-01,81.71694888733327,109.46611943654716,62.34693853184581,91.26994851976633,104.94856699369848
2007-07-01,90.77770648291335,123.62544183852151,107.53665928496048,87.7234322251752,118.90902298036963
2007-08-01,124.08220956567675,116.53461421374232,103.8529347977601,106.92196141462773,120.6691333791241
2007-09-01,45.7136410404928,116.74877267796546,62.69726384198293,59.76635223487392,74.9550522887148
2007-10-01,77.23208838142455,103.08702037436888,87.82818956533447,92.2368940897286,83.3540640771389
2007-11-01,174.64372306130826,145.10530640836805,177.4933983106166,145.12587245553732,177.30778525583446
2007-12-01,77.93585094041191,98.46704725641757,80.52154291654006,79.03585660387762,69.84114671358839
2008-01-01,69.01378199108876,83.65974192274734,95.33536696108058,82.089823926799,84.30800774367526
2008-02-01,106.09151052776724,98.30482159741223,108.52081615012139,94.51379659585655,81.63818875327706
2008-03-01,91.50920523097739,87.26842815522105,89.58031965885311,67.56560018984601,85.53671166300774
2008-04-01,69.10595437511802,109.19593193102628,84.9087880924344,80.50351438578218,86.63792023435235
2008-05-01,29.916863510152325,28.72709890070837,41.303809045348316,30.791043100180104,35.97161560901441
2008-06-01,166.00494598969817,188.3587776683271,173.2519268989563,157.657309086062,196.95074600167572
2008-07-01,95.96709727775306,112.35230091260746,104.15516328066587,88.90271476702765,83.2581152790226
2008-08-01,109.37028788030148,108.48426937591285,106.87717816326767,98.32642239052802,123.94239344866946
2008-09-01,125.63387083355337,114.70488854683936,104.73803139757365,115.15136319212615,103.89736946672201
2008-10-01,110.41131333913654,87.93962151976302,106.40637913020328,101.32310008630157,103.75845733797178
2008-11-01,109.79461984243244,76.59983157645911,119.32106560561806,102.1882847417146,106.03886924218386
2008-12-01,144.18255222262815,132.90546499192715,138.9243885409087,121.20896838605404,113.03899692138657
2009-01-01,57.24277817644179,76.05604570708238,73.57419513864443,63.82759208790958,59.90672878688201
2009-02-01,60.83069185260683,66.10995749942958,51.844964968040586,47.058031568303704,39.216592884622514
2009-03-01,74.98399547184817,72.99705049954355,71.38440522830933,61.28300014534034,67.92747146682814
2009-04-01,62.82053282484412,72.68534711329266,69.61406115442514,65.1287627988495,73.03629006491974
2009-05-01,103.5036624642089,95.07234818302095,126.63200965616852,121.37532705673948,109.34462228324264
2009-06-01,115.0699759600684,102.41448297165334,75.2591016353108,109.27922395057976,84.09436885267496
2009-07-01,150.3783286898397,147.41238345159218,159.28067585919052,145.48779496690258,168.11207723803818
2009-08-01,80.84280135808513,103.87976967031136,65.65232931752689,65.28103562886827,86.95225606206805
2009-09-01,50.26596528477967,61.71003228519112,58.6652671918273,50.82383699482307,64.78190759662539
2009-10-01,118.8893499202095,125.5037562455982,119.57323966780677,123.24243590701371,121.2872221483849
2009-11-01,103.44741528388113,69.01585415471345,74.20539582381025,80.84162359591573,61.34628859581426
2009-12-01,95.18015538342297,111.96952883619815,108.6681574350223,78.20066260755993,111.10224797157571
2010-01-01,55.885069066425785,49.27722042775713,48.186987958615646,46.11969427205622,47.41883242386393
2010-02-01,32.78176495805383,52.208697027526796,48.282144824042916,36.44245220348239,34.37751577002928
2010-03-01,78.6705554521177,66.96752551943064,69.56012596492656,66.0006808466278,69.40666342852637
2010-04-01,52.20884381560609,60.44917140388861,63.71297291480005,55.56732835248113,64.10185602726415
2010-05-01,66.71535177156329,63.49817794980481,66.03033172432333,64.74794344394468,69.32467772858217
2010-06-01,142.4453838262707,117.43164842482656,136.7911541601643,154.03496904764324,110.64283491577953
2010-07-01,72.1570624737069,97.99315938726068,110.01672183629125,77.74122016271576,128.21222702041268
2010-08-01,46.1972659570165,49.8128411709331,57.89863454410806,48.04398556589149,40.540917686303146
2010-09-01,131.09349156729877,132.84991309046745,133.58269992750138,127.95719294808805,158.4419966675341
2010-10-01,114.74743508733809,117.50155632616952,105.41304062353447,115.30551079194993,109.06385974958539
2010-11-01,116.09235650394112,104.32067548390478,97.35798882320523,90.24285315535963,94.21847469639033
2010-12-01,146.4871552423574,115.85793499834836,139.36118114506826,116.97709729196504,130.24648380232975
2011-01-01,37.5175269175088,36.88357984938193,27.38652211264707,23.75181219249498,27.75076604448259
2011-02-01,69.60574043914676,76.0458005592227,59.271515789441764,52.46217017993331,64.90745949558914
2011-03-01,119.7612396790646,155.0219796365127,147.84434305038303,118.37004544213414,129.50689756544307
2011-04-01,77.4758027982898,96.22128331102431,76.83097093831748,68.32598632900044,82.07273867446929
2011-05-01,120.51766348304227,160.64618501113728,112.15738268801942,113.6582549661398,119.99960623215884
2011-06-01,157.47844765428454,127.35032010823488,183.87249391525984,194.2363295238465,183.47245082259178
2011-07-01,120.06523181917146,128.06952669052407,139.10796479322016,115.7940146047622,136.85838592937216
2011-08-01,154.31326227262616,199.8201197711751,215.72228595614433,198.95742831286043,201.26197286881506
2011-09-01,66.05662533547729,105.77469784766436,67.1956175356172,71.95354567375034,85.91963618528098
2011-10-01,85.81335250055417,103.0301156337373,99.15440585464239,97.80251876218244,84.90661833202466
2011-11-01,61.073946417309344,57.907501235604286,55.80270633799955,45.508244598750025,56.51473382022232
2011-12-01,73.11604864080437,77.51803470309824,81.35045692906715,63.98239441914484,73.48967113648541
2012-01-01,55.214738042559475,59.23238812247291,48.29210582538508,51.034300454193726,60.94957149471156
2012-02-01,46.61464654491283,49.32172786211595,44.43209262681194,35.517489988706075,42.8839786327444
2012-03-01,36.144171439809725,57.74142058216967,35.491486731916666,27.943638036958873,35.46247651975136
2012-04-01,56.769475573673844,80.07263636682183,81.21821517124772,72.17466604197398,93.43914315104485
2012-05-01,87.72692056372762,123.131647054106,96.52544581331313,89.51575616374612,87.61201001470909
2012-06-01,192.568565485999,179.16663154028356,159.54196429811418,176.55826080590487,156.70782909728587
2012-07-01,55.106419284129515,89.19967176625505,59.96453484403901,57.105071627302095,55.53745320648886
2012-08-01,43.6003684240859,115.11876775184646,53.95597399910912,54.91073615849018,56.92081816960126
2012-09-01,130.1487263990566,66.0067613935098,81.947305588983,74.54395294189453,73.55715514859185
2012-10-01,127.28863579686731,159.70254071289673,112.9785064025782,111.54253865825012,143.93543559126556
2012-11-01,84.03957320842892,84.52956564724445,51.515307859517634,57.28288181126118,56.8174347281456
2012-12-01,98.83139349985868,108.50468297721818,91.60799926612526,76.30530601018108,88.8328310684301
2013-01-01,28.06125253555365,40.03770049021114,40.435921619064175,35.42761018616147,36.35637058177963
2013-02-01,60.37016201298684,55.50159935373813,75.26276693679392,58.79726519342512,61.59027081448585
2013-03-01,61.805612698663026,61.02003983105533,62.81872657709755,48.198987648356706,68.45453213900328
2013-04-01,46.54604732058942,52.39352333592251,44.50111178448424,45.73069454636425,41.390339203644544
2013-05-01,118.6538968118839,149.93688821559772,136.8329736753367,132.45453389827162,121.52091159950942
2013-06-01,121.73011258710176,180.96243124455214,161.23019065707922,140.32119687180966,182.78625584207475
2013-07-01,161.90411107381806,101.23290022602305,137.01546834781766,138.44682719791308,90.00992121873423
2013-08-01,137.40121233277023,84.80299129150808,114.51083219144493,129.51301677385345,107.84881686558947
2013-09-01,162.52224007621408,127.52552283927798,161.06424783356488,176.31054413504899,118.19627915974706
2013-10-01,14.45898303645663,37.02473576122429,35.09470283752307,49.69174807774834,32.98536395304836
2013-11-01,142.00817851815373,129.30431147105992,123.69290180504322,98.7354425014928,123.15457302611321
2013-12-01,102.33735888032243,80.96953620552085,86.85483592562377,76.04732973268256,72.01844486407936
2014-01-01,105.56934352498502,77.99865565029904,106.82881887769327,98.79241765011102,90.95695641590282
2014-02-01,68.78094167914242,70.29616555664688,85.07599448785186,70.55595782585442,81.10866285860538
2014-03-01,76.68888683547266,56.16014112601988,66.54624530347064,58.280987630132586,64.46328819729388
2014-04-01,82.46579440310597,82.68239325843751,98.69199071545154,89.55613954458386,89.66992702335119
2014-05-01,78.13903691712767,106.44455597503111,84.73270809045061,83.1769480719231,92.98236567992717
2014-06-01,95.63896525651217,100.72653950192034,66.98377593420446,73.54171882616356,87.16399990953505
2014-07-01,138.5414605611004,124.87371163442731,143.83023977279663,127.22663496388122,136.48709224071354
2014-08-01,65.99924361216836,64.7212644747924,45.87628521840088,47.94655568548478,48.15526161692105
2014-09-01,47.33409185428172,115.58260896708816,73.74263147357851,58.176434598863125,96.69341600965708
2014-10-01,140.3125036857091,108.44356884481385,127.58604101836681,141.55154594918713,114.48822619859129
2014-11-01,89.43309215828776,80.27133776340634,87.61248306836933,75.90343372430652,71.27103296807036
2014-12-01,141.69614635175094,92.61090634390712,116.79113376885653,111.64154706057161,99.22166842734441
2015-01-01,75.94393654726446,77.50352594302967,76.63649842143059,76.1266602028627,65.81404986209236
2015-02-01,49.138495163060725,20.066978072281927,28.715666325297207,26.75496891606599,23.528027872089297
2015-03-01,44.105841347482055,46.85703939758241,39.75182481226511,34.20786827628035,33.68185751605779
2015-04-01,70.23155177012086,79.85969621222466,63.058942439965904,60.24534971220419,68.10266413958743
2015-05-01,84.41950790584087,96.26534048002213,50.68622662802227,56.489501672331244,57.85761246224865
2015-06-01,121.41489854548126,132.23224331159145,144.62964702397585,125.19389321096241,137.6342112198472
2015-07-01,80.76086437795311,149.30350142531097,95.7861908711493,94.83833718113601,111.76909552887082
2015-08-01,92.46931682573631,69.27624049130827,96.44270982826129,92.95928223291412,85.48224291298538
2015-09-01,62.6760235754773,63.303825503680855,41.6785137495026,46.44732369342819,62.87992070429027
2015-10-01,176.591604645364,137.22613281570375,138.8301546801813,138.5341525892727,124.86259377328679
2015-11-01,81.65425120387226,89.58548458758742,73.3744841418229,70.57235785759985,70.17860433552414
2015-12-01,119.26627561915666,122.3839246085845,100.14037792570889,87.5213716761209,105.21270475583151
2016-01-01,50.57964229490608,49.85893498524092,40.65019622503314,37.52943403960671,39.08016617351677
2016-02-01,95.67571728257462,121.92104710265994,104.65148143703118,95.59043435147032,104.2342823697254
2016-03-01,70.53495581494644,96.50106641929597,86.30496463738382,71.66215687757358,88.54868737980723
2016-04-01,80.38946287706494,74.94116242742166,76.6346741002053,77.60583754861727,64.00793208740652
2016-05-01,72.38467169227079,79.9809089046903,77.62784428778104,74.7588173719123,83.82696780608967
2016-06-01,47.83334891544655,142.72076706402004,83.37887597735971,75.43795363744721,124.52307797502726
2016-07-01,101.26583481905982,121.66540481848642,136.42870641779155,116.58041083719581,123.52451387559995
2016-08-01,140.8920063637197,97.2481360193342,120.56583763333037,121.34629004867747,93.63582503283396
2016-09-01,57.97316925600171,96.97196760680526,66.03121245279908,57.92829830897972,83.63374031614512
2016-10-01,67.01664483407512,110.42697188677266,70.38591703749262,67.31989156105556,89.02765185339376
2016-11-01,61.09898682916537,77.38918683025986,68.08679876849055,52.08054883405566,52.66918946290389
2016-12-01,86.11832878086716,100.89671403402463,95.69772543618456,86.93988122977316,106.0083577525802
2017-01-01,61.812691687373444,84.92090298095718,87.56097113946453,76.60067474353127,94.45183316711336
2017-02-01,63.77129021566361,57.12099184747785,65.87244495749474,58.021149155683815,53.99649222381413
2017-03-01,49.079895444447175,66.7569292592816,57.49697866849601,45.65403030719608,64.57984060398303
2017-04-01,96.47124423645437,87.40321104414761,91.37716353870928,79.78294836357236,89.07655742950737
2017-05-01,109.52002335106954,137.49914889922366,118.02704822039232,119.0855251159519,115.06305177463219
2017-06-01,90.4088148381561,93.30719418358058,96.99641866609454,86.03512099944055,126.18994619697332
2017-07-01,53.742824820801616,58.24539293535054,67.46883777086623,48.11118967481889,69.31798362638801
2017-08-01,72.76921716984361,68.52790904813446,61.25816278508864,64.4079960824456,58.79047019407153
2017-09-01,81.27215271815658,72.88665109081194,110.34740426111966,101.9951468333602,86.3385951379314
2017-10-01,131.02542590349913,160.81230982672423,153.60375564778224,144.48658333858475,172.45496129617095
2017-11-01,102.7380988234654,83.88034428935498,99.3138283956796,94.30426557082683,99.27670389879495
2017-12-01,92.00257128104568,72.62495293398388,81.90828416263685,72.56117382785305,76.6334924090188
2018-01-01,108.57318303314969,96.09525961568579,109.93383969180286,105.1424897625111,121.60114338621497
2018-02-01,72.77009978424758,69.9055552482605,64.15834052022547,62.24121025297791,62.10012584924698
2018-03-01,61.3654243235942,53.953235945664346,59.05078989453614,50.569800892844796,52.55243416177109
2018-04-01,90.09579790290445,111.11722129862756,93.16657937597483,86.89872524701059,93.93300174269825
2018-05-01,59.16342035634443,63.29005178413354,67.24884833092801,60.39080884074792,68.36695827660151
2018-06-01,92.58268657140434,74.84191074036062,85.16185136977583,76.97046361863613,83.15976883750409
2018-07-01,75.9267920453567,128.41294290265068,81.66068520513363,74.93823782424442,86.91826912108809
2018-08-01,126.83298862539232,102.52026279922575,116.82434119284153,119.03264463180676,126.97778390720487
2018-09-01,63.34550923202187,96.82085760869086,68.57250543544069,67.44554545730352,81.8595439195633
2018-10-01,97.2976840683259,74.79496747255325,71.56217895098962,96.17589090485126,83.26779103372246
2018-11-01,145.99468186497688,138.12667422462255,138.48900818265975,118.60777926631272,109.71155413426459
2018-12-01,82.40684374468401,70.0381696340628,71.79470399860293,59.90499923354946,80.60622282209806
2019-01-01,91.82853436795995,102.73707570740953,114.6925863227807,102.2019665222615,109.52259575715289
2019-02-01,66.13726699724793,70.75211887713522,65.23674444761127,55.63595099374652,72.85846620798111
2019-03-01,46.93699348135851,37.152184353908524,50.65400334424339,42.921779392054304,48.41842655441724
2019-04-01,110.23378651589155,119.42881811410189,116.13630806095898,111.57820816151798,97.83017809968442
2019-05-01,70.06961340084672,79.52940291725099,89.79970497312024,83.20319830672815,89.90266942419112
2019-06-01,83.1777323037386,100.17734777648002,84.5451905624941,39.32059192447923,85.61530394945294
2019-07-01,76.5798275358975,43.008271674625576,59.012749465182424,75.40025754715316,72.86835224367678
2019-08-01,97.72108846809715,134.36627984046936,82.37239883746952,70.32009657123126,102.45426694164053
2019-09-01,103.58367359731346,119.01069839950651,110.35614553838968,113.69503999594599,105.59199855197221
2019-10-01,97.00447849463671,95.14288472710177,34.35805440531112,35.686962798354216,51.97674137307331
2019-11-01,98.27689791563898,128.79453564528376,150.30451817438006,133.06361704599112,146.95796684827656
2019-12-01,76.49822672246955,41.147783846827224,68.89134423108771,63.61964618554339,51.926228671800345
2020-01-01,45.099925267277285,87.46769218705595,67.88771122810431,63.83355052093975,81.1940468440298
2020-02-01,55.35401399829425,54.93895703111775,56.13861058373004,53.881620964966714,56.60952623002231
2020-03-01,55.807575333165005,82.23034160910174,61.57616674317978,49.95687642367557,64.61160592152737
2020-04-01,66.40720996074378,78.42997403349727,64.58895356627181,64.43777756066993,60.44579087756574
2020-05-01,68.56020541163161,69.62463099625893,76.24363647191785,66.43591441679746,68.96002942230552
2020-06-01,16.716946658561938,51.49956978857517,21.06785966316238,27.238619135459885,41.146050207316875
2020-07-01,94.4105577422306,80.56986322626472,93.94766106270254,68.89137346297503,77.82570031704381
2020-08-01,45.77182019711472,61.29775250446983,59.9971576302778,47.88441356504336,71.46003299276344
2020-09-01,33.957054518396035,21.915648045251146,30.82888896460645,23.941752588143572,35.98827464156784
2020-10-01,115.83055446390063,196.28448402509093,163.40023804223165,154.3390350532718,176.0237265145406
2020-11-01,83.46682623960078,73.36738362209871,71.24072138685733,60.218965576495975,87.2843221295625
2020-12-01,115.86268030805513,78.57294043642469,79.3474831385538,81.25905368942767,65.62772581237368
2021-01-01,50.96794406999834,53.35758264991455,55.08105574990623,39.41125627316069,47.34678556560539
2021-02-01,59.35093159787357,55.29159433208406,65.85588587913662,58.7668533436954,59.92040899582207
2021-03-01,44.62905315449461,40.729100396856666,50.68889647372998,45.58099443675019,48.651960102142766
2021-04-01,40.562246984336525,66.14276039181277,77.21770880743861,63.140862446743995,66.4477291284129
2021-05-01,111.45073104416952,55.572058889083564,83.57103288872167,90.17803380265832,83.88952404493466
2021-06-01,51.66365025797859,98.21953740902245,79.96263960376382,61.92572589498013,97.36706013791263
2021-07-01,104.97541003860533,80.14334563049488,76.99554394930601,76.88632874633186,69.67471009120345
2021-08-01,77.425320900511,69.66785034164786,70.37459455314092,73.24081033584662,50.05627945647575
2021-09-01,160.11941665783525,106.86092649120837,152.9132566647604,148.42461550142616,171.80161038413644
2021-10-01,12.590651318896562,14.045832939154934,0,24.979909550165758,12.241738293960225
2021-11-01,112.152463872917,151.71518304850906,140.3443937888369,108.05082460865378,127.43789318483323
2021-12-01,70.44048809912056,67.48121747514233,72.70382056594826,59.35623875702731,60.71962859714404
2022-01-01,71.8351365707349,54.77901727426797,60.392786865122616,58.03675033967011,55.015751713654026
2022-02-01,87.76194476522505,82.07874409854412,91.97949757799506,81.1500187497586,89.9200199637562
2022-03-01,70.13463973416947,71.49124290444888,67.16329146875069,55.891699832864106,68.41767560108565
2022-04-01,101.19435342494398,69.15847276104614,96.45344107411802,88.46758177969605,78.05224147159606
2022-05-01,68.16020600963384,94.81825487455353,100.02841979730874,77.5801086158026,116.2889689207077
2022-06-01,83.38641026057303,79.8150374321267,105.33264570403844,107.59143135510385,116.75086605828255
2022-07-01,123.65599890472367,126.75959710031748,117.30067479657009,111.19900551857427,138.70492527494207
2022-08-01,123.27434738399461,85.19635505508631,104.48423638008535,79.70154462964274,92.84434245200828
2022-09-01,102.28886129334569,85.29956184793264,65.05786132765934,82.57773367222399,73.26119643403217
2022-10-01,106.14209363702685,131.40362806152552,97.21052432432771,115.32431663945317,113.01185998599976
2022-11-01,84.9176236661151,75.83746867021546,108.56857791077346,95.40026332251728,94.97728734277189
2022-12-01,121.03053694590926,103.40242269448936,107.97350060893223,96.65685289073735,103.3477395772934
2023-01-01,109.88882258534431,107.74958435213193,102.78345696860924,102.88495982531458,115.32848705537617
2023-02-01,33.66291210986674,42.24037828389555,35.890790226403624,32.737951388116926,42.232567397877574
2023-03-01,46.082077705068514,56.67179659358226,49.75683774682693,40.01289723382797,49.54147181706503
2023-04-01,44.60488026961684,55.11134391417727,35.772614035522565,32.40580784040503,36.06658545322716
2023-05-01,68.63122428185306,62.2752180963289,64.56580929807387,64.51206647325307,65.04888572380878
2023-06-01,83.4237044909969,117.29536182247102,93.6926967697218,82.37360080238432,112.93030553497374
2023-07-01,98.91250224318355,110.63322233967483,96.96927355835214,91.82701430981979,113.86467106640339
2023-08-01,119.99865132384002,142.31165297096595,126.87387429177761,107.12096235947683,167.50789310317487
2023-09-01,103.7990088807419,94.00068770628422,77.07595772808418,84.74841818679124,86.05846879072487
2023-10-01,72.9470688442234,95.88629059726372,65.17185452976264,63.30142298829742,86.86237775254995
2023-11-01,61.3676137290895,64.15352103067562,57.95113218482584,56.11106974538416,48.52554586250335
2023-12-01,93.79014990990981,104.27624175790697,82.61294803814963,72.67291271709837,83.58317386591807
2024-01-01,28.05811985163018,75.85537854465656,31.718185998033732,29.885288199875504,43.00428639398888
2024-02-01,8.364344400615664,14.85876414226368,4.323276494687889,14.131378721504007,4.272261183723458
2024-03-01,155.50504631828517,116.44256300060079,139.73198763560504,110.90135669801384,136.62277691764757
2024-04-01,30.54854809306562,54.30337454890832,22.578580101253465,20.36260030581616,34.263239678693935
2024-05-01,46.28749017720111,41.86338044819422,51.88330651726574,46.93068426568061,40.07244746026117
2024-06-01,87.98606658820063,139.4184030359611,109.34459965210408,55.84449850721285,141.2925630575046
2024-07-01,78.8982474943623,81.84898240724578,66.817531833658,104.98734639259055,64.93037965265103
2024-08-01,82.29837395483628,115.64847878180444,79.4890970166307,68.25108307530172,82.81657736515626
2024-09-01,30.69901216076687,71.2407873943448,42.02028637519106,35.43187867035158,47.2079468308948
2024-10-01,42.61200908222236,60.783081280533224,40.723197991610505,46.09427714603953,59.24994187080301
2024-11-01,54.03587449109182,84.93088174145669,70.24235813878477,58.275733434129506,91.8959352420643
2024-12-01,64.78933579637669,91.14141936879605,68.62258138717152,57.81908970675431,83.92676546936855
